<?xml version="1.0" encoding="utf-8" ?>
<dwsync>
<file name="adodb-access.inc.php" server="www.xgermz.com" local="130408668000000000" remote="130798875000000000" />
<file name="adodb-ado.inc.php" server="www.xgermz.com" local="130408668000000000" remote="130798875000000000" />
<file name="adodb-ado5.inc.php" server="www.xgermz.com" local="130408668000000000" remote="130798875000000000" />
<file name="adodb-ado_access.inc.php" server="www.xgermz.com" local="130408668000000000" remote="130798875000000000" />
<file name="adodb-ado_mssql.inc.php" server="www.xgermz.com" local="130408668000000000" remote="130798875000000000" />
<file name="adodb-ads.inc.php" server="www.xgermz.com" local="130408668000000000" remote="130798875000000000" />
<file name="adodb-borland_ibase.inc.php" server="www.xgermz.com" local="130408668000000000" remote="130798875600000000" />
<file name="adodb-csv.inc.php" server="www.xgermz.com" local="130408668000000000" remote="130798875600000000" />
<file name="adodb-db2.inc.php" server="www.xgermz.com" local="130408668000000000" remote="130798875600000000" />
<file name="adodb-db2oci.inc.php" server="www.xgermz.com" local="130408668000000000" remote="130798875600000000" />
<file name="adodb-db2ora.inc.php" server="www.xgermz.com" local="130408668000000000" remote="130798875600000000" />
<file name="adodb-fbsql.inc.php" server="www.xgermz.com" local="130408668000000000" remote="130798875600000000" />
<file name="adodb-firebird.inc.php" server="www.xgermz.com" local="130408668000000000" remote="130798875600000000" />
<file name="adodb-ibase.inc.php" server="www.xgermz.com" local="130408668000000000" remote="130798875600000000" />
<file name="adodb-informix.inc.php" server="www.xgermz.com" local="130408668000000000" remote="130798875600000000" />
<file name="adodb-informix72.inc.php" server="www.xgermz.com" local="130408668000000000" remote="130798875600000000" />
<file name="adodb-ldap.inc.php" server="www.xgermz.com" local="130408668000000000" remote="130798875600000000" />
<file name="adodb-mssql.inc.php" server="www.xgermz.com" local="130408668000000000" remote="130798875600000000" />
<file name="adodb-mssql_n.inc.php" server="www.xgermz.com" local="130408668000000000" remote="130798875600000000" />
<file name="adodb-mssqlnative.inc.php" server="www.xgermz.com" local="130408668000000000" remote="130798875600000000" />
<file name="adodb-mssqlpo.inc.php" server="www.xgermz.com" local="130408668000000000" remote="130798875600000000" />
<file name="adodb-mysql.inc.php" server="www.xgermz.com" local="130408668000000000" remote="130798875600000000" />
<file name="adodb-mysqli.inc.php" server="www.xgermz.com" local="130408668000000000" remote="130798875600000000" />
<file name="adodb-mysqlpo.inc.php" server="www.xgermz.com" local="130408668000000000" remote="130798875600000000" />
<file name="adodb-mysqlt.inc.php" server="www.xgermz.com" local="130408668000000000" remote="130798875600000000" />
<file name="adodb-netezza.inc.php" server="www.xgermz.com" local="130408668000000000" remote="130798875600000000" />
<file name="adodb-oci8.inc.php" server="www.xgermz.com" local="130408668000000000" remote="130798875600000000" />
<file name="adodb-oci805.inc.php" server="www.xgermz.com" local="130408668000000000" remote="130798875600000000" />
<file name="adodb-oci8po.inc.php" server="www.xgermz.com" local="130408668000000000" remote="130798875600000000" />
<file name="adodb-odbc.inc.php" server="www.xgermz.com" local="130408668000000000" remote="130798875600000000" />
<file name="adodb-odbc_db2.inc.php" server="www.xgermz.com" local="130408668000000000" remote="130798875600000000" />
<file name="adodb-odbc_mssql.inc.php" server="www.xgermz.com" local="130408668000000000" remote="130798875600000000" />
<file name="adodb-odbc_oracle.inc.php" server="www.xgermz.com" local="130408668000000000" remote="130798875600000000" />
<file name="adodb-odbtp.inc.php" server="www.xgermz.com" local="130408668000000000" remote="130798875600000000" />
<file name="adodb-odbtp_unicode.inc.php" server="www.xgermz.com" local="130408668000000000" remote="130798875600000000" />
<file name="adodb-oracle.inc.php" server="www.xgermz.com" local="130408668000000000" remote="130798875600000000" />
<file name="adodb-pdo.inc.php" server="www.xgermz.com" local="130408668000000000" remote="130798875600000000" />
<file name="adodb-pdo_mssql.inc.php" server="www.xgermz.com" local="130408668000000000" remote="130798875600000000" />
<file name="adodb-pdo_mysql.inc.php" server="www.xgermz.com" local="130408668000000000" remote="130798875600000000" />
<file name="adodb-pdo_oci.inc.php" server="www.xgermz.com" local="130408668000000000" remote="130798875600000000" />
<file name="adodb-pdo_pgsql.inc.php" server="www.xgermz.com" local="130408668000000000" remote="130798875600000000" />
<file name="adodb-pdo_sqlite.inc.php" server="www.xgermz.com" local="130408668000000000" remote="130798875600000000" />
<file name="adodb-postgres.inc.php" server="www.xgermz.com" local="130408668000000000" remote="130798875600000000" />
<file name="adodb-postgres64.inc.php" server="www.xgermz.com" local="130408668000000000" remote="130798875600000000" />
<file name="adodb-postgres7.inc.php" server="www.xgermz.com" local="130408668000000000" remote="130798875600000000" />
<file name="adodb-postgres8.inc.php" server="www.xgermz.com" local="130408668000000000" remote="130798875600000000" />
<file name="adodb-proxy.inc.php" server="www.xgermz.com" local="130408668000000000" remote="130798875600000000" />
<file name="adodb-sapdb.inc.php" server="www.xgermz.com" local="130408668000000000" remote="130798875600000000" />
<file name="adodb-sqlanywhere.inc.php" server="www.xgermz.com" local="130408668000000000" remote="130798875600000000" />
<file name="adodb-sqlite.inc.php" server="www.xgermz.com" local="130408668000000000" remote="130798875600000000" />
<file name="adodb-sqlite3.inc.php" server="www.xgermz.com" local="130408668000000000" remote="130798875600000000" />
<file name="adodb-sqlitepo.inc.php" server="www.xgermz.com" local="130408668000000000" remote="130798875600000000" />
<file name="adodb-sybase.inc.php" server="www.xgermz.com" local="130408668000000000" remote="130798875600000000" />
<file name="adodb-sybase_ase.inc.php" server="www.xgermz.com" local="130408668000000000" remote="130798875600000000" />
<file name="adodb-vfp.inc.php" server="www.xgermz.com" local="130408668000000000" remote="130798875600000000" />
</dwsync>