<?xml version="1.0" encoding="utf-8" ?>
<dwsync>
<<<<<<< HEAD
<file name="distribute_toll.php" server="www.xgermz.com" local="130408668000000000" remote="130408668000000000" />
<file name="destroy_fighters.php" server="www.xgermz.com" local="130408668000000000" remote="130408668000000000" />
<file name="cancel_bounty.php" server="www.xgermz.com" local="130408668000000000" remote="130408668000000000" />
<file name="explode_mines.php" server="www.xgermz.com" local="130408668000000000" remote="130408668000000000" />
<file name="schema.php" server="www.xgermz.com" local="130408668000000000" remote="130408668000000000" />
<file name="ini_to_db.php" server="www.xgermz.com" local="130408668000000000" remote="130408668000000000" />
<file name="adminlog.php" server="www.xgermz.com" local="130408668000000000" remote="130408668000000000" />
<file name="bigtitle.php" server="www.xgermz.com" local="130408668000000000" remote="130408668000000000" />
<file name="bnt_autoload.php" server="www.xgermz.com" local="130408668000000000" remote="130408668000000000" />
<file name="calc_ownership.php" server="www.xgermz.com" local="130408668000000000" remote="130408668000000000" />
<file name="checklogin.php" server="www.xgermz.com" local="130408668000000000" remote="130408668000000000" />
<file name="collect_bounty.php" server="www.xgermz.com" local="130408668000000000" remote="130408668000000000" />
<file name="connectdb.php" server="www.xgermz.com" local="130408668000000000" remote="130408668000000000" />
<file name="db_kill_player.php" server="www.xgermz.com" local="130408668000000000" remote="130408668000000000" />
<file name="db_op_result.php" server="www.xgermz.com" local="130408668000000000" remote="130408668000000000" />
<file name="defence_vs_defence.php" server="www.xgermz.com" local="130408668000000000" remote="130408668000000000" />
<file name="gen_score.php" server="www.xgermz.com" local="130408668000000000" remote="130408668000000000" />
<file name="get_avg_tech.php" server="www.xgermz.com" local="130408668000000000" remote="130408668000000000" />
<file name="get_planet_owner.php" server="www.xgermz.com" local="130408668000000000" remote="130408668000000000" />
<file name="is_loan_pending.php" server="www.xgermz.com" local="130408668000000000" remote="130408668000000000" />
<file name="kick_off_planet.php" server="www.xgermz.com" local="130408668000000000" remote="130408668000000000" />
<file name="load_languages.php" server="www.xgermz.com" local="130408668000000000" remote="130408668000000000" />
<file name="log_move.php" server="www.xgermz.com" local="130408668000000000" remote="130408668000000000" />
<file name="message_defence_owner.php" server="www.xgermz.com" local="130408668000000000" remote="130408668000000000" />
<file name="newsservices.php" server="www.xgermz.com" local="130408668000000000" remote="130408668000000000" />
<file name="num_armor.php" server="www.xgermz.com" local="130408668000000000" remote="130408668000000000" />
<file name="num_beams.php" server="www.xgermz.com" local="130408668000000000" remote="130408668000000000" />
<file name="num_energy.php" server="www.xgermz.com" local="130408668000000000" remote="130408668000000000" />
<file name="num_fighters.php" server="www.xgermz.com" local="130408668000000000" remote="130408668000000000" />
<file name="num_holds.php" server="www.xgermz.com" local="130408668000000000" remote="130408668000000000" />
<file name="num_shields.php" server="www.xgermz.com" local="130408668000000000" remote="130408668000000000" />
<file name="num_torpedoes.php" server="www.xgermz.com" local="130408668000000000" remote="130408668000000000" />
<file name="number.php" server="www.xgermz.com" local="130408668000000000" remote="130408668000000000" />
<file name="player_insignia_name.php" server="www.xgermz.com" local="130408668000000000" remote="130408668000000000" />
<file name="playerlog.php" server="www.xgermz.com" local="130408668000000000" remote="130408668000000000" />
<file name="scan_error.php" server="www.xgermz.com" local="130408668000000000" remote="130408668000000000" />
<file name="scan_success.php" server="www.xgermz.com" local="130408668000000000" remote="130408668000000000" />
<file name="stripnum.php" server="www.xgermz.com" local="130408668000000000" remote="130408668000000000" />
<file name="t_port.php" server="www.xgermz.com" local="130408668000000000" remote="130408668000000000" />
<file name="tags_to_db.php" server="www.xgermz.com" local="130408668000000000" remote="130408668000000000" />
<file name="text_gotologin.php" server="www.xgermz.com" local="130408668000000000" remote="130408668000000000" />
<file name="text_gotomain.php" server="www.xgermz.com" local="130408668000000000" remote="130408668000000000" />
<file name="text_javascript_begin.php" server="www.xgermz.com" local="130408668000000000" remote="130408668000000000" />
<file name="text_javascript_end.php" server="www.xgermz.com" local="130408668000000000" remote="130408668000000000" />
<file name="timer.php" server="www.xgermz.com" local="130408668000000000" remote="130408668000000000" />
<file name="updatecookie.php" server="www.xgermz.com" local="130408668000000000" remote="130408668000000000" />
<file name="xenobe_hunter.php" server="www.xgermz.com" local="130408668000000000" remote="130408668000000000" />
<file name="xenobe_move.php" server="www.xgermz.com" local="130408668000000000" remote="130408668000000000" />
<file name="xenobe_regen.php" server="www.xgermz.com" local="130408668000000000" remote="130408668000000000" />
<file name="xenobe_to_planet.php" server="www.xgermz.com" local="130408668000000000" remote="130408668000000000" />
<file name="xenobe_to_sec_def.php" server="www.xgermz.com" local="130408668000000000" remote="130408668000000000" />
<file name="xenobe_to_ship.php" server="www.xgermz.com" local="130408668000000000" remote="130408668000000000" />
<file name="xenobe_trade.php" server="www.xgermz.com" local="130408668000000000" remote="130408668000000000" />
=======
<file name="distribute_toll.php" server="www.xgermz.com" local="130318009800000000" remote="130389252600000000" />
<file name="destroy_fighters.php" server="www.xgermz.com" local="130318009800000000" remote="130389252600000000" />
<file name="cancel_bounty.php" server="www.xgermz.com" local="130318009200000000" remote="130389252600000000" />
<file name="explode_mines.php" server="www.xgermz.com" local="130318009800000000" remote="130389252600000000" />
<file name="schema.php" server="www.xgermz.com" local="130405592412237502" remote="130405628400000000" />
<file name="ini_to_db.php" server="www.xgermz.com" local="130318009800000000" remote="130389252600000000" />
<file name="adminlog.php" server="www.xgermz.com" local="130318009200000000" remote="130389252600000000" />
<file name="bigtitle.php" server="www.xgermz.com" local="130318009200000000" remote="130389252600000000" />
<file name="bnt_autoload.php" server="www.xgermz.com" local="130318009200000000" remote="130389252600000000" />
<file name="calc_ownership.php" server="www.xgermz.com" local="130318009200000000" remote="130389252600000000" />
<file name="checklogin.php" server="www.xgermz.com" local="130404589264485829" remote="130404625200000000" />
<file name="collect_bounty.php" server="www.xgermz.com" local="130318009800000000" remote="130389252600000000" />
<file name="connectdb.php" server="www.xgermz.com" local="130318009800000000" remote="130389252600000000" />
<file name="db_kill_player.php" server="www.xgermz.com" local="130318009800000000" remote="130389252600000000" />
<file name="db_op_result.php" server="www.xgermz.com" local="130318009800000000" remote="130389252600000000" />
<file name="defence_vs_defence.php" server="www.xgermz.com" local="130318009800000000" remote="130389252600000000" />
<file name="gen_score.php" server="www.xgermz.com" local="130318009800000000" remote="130389252600000000" />
<file name="get_avg_tech.php" server="www.xgermz.com" local="130318009800000000" remote="130389252600000000" />
<file name="get_planet_owner.php" server="www.xgermz.com" local="130318009800000000" remote="130389252600000000" />
<file name="is_loan_pending.php" server="www.xgermz.com" local="130318009800000000" remote="130389252600000000" />
<file name="kick_off_planet.php" server="www.xgermz.com" local="130318009800000000" remote="130389252600000000" />
<file name="load_languages.php" server="www.xgermz.com" local="130404532332061590" remote="130404568200000000" />
<file name="log_move.php" server="www.xgermz.com" local="130318009800000000" remote="130389252600000000" />
<file name="message_defence_owner.php" server="www.xgermz.com" local="130318009800000000" remote="130389252600000000" />
<file name="newsservices.php" server="www.xgermz.com" local="130318009800000000" remote="130389252600000000" />
<file name="num_armor.php" server="www.xgermz.com" local="130318009800000000" remote="130389252600000000" />
<file name="num_beams.php" server="www.xgermz.com" local="130318009800000000" remote="130389252600000000" />
<file name="num_energy.php" server="www.xgermz.com" local="130318009800000000" remote="130389252600000000" />
<file name="num_fighters.php" server="www.xgermz.com" local="130318009800000000" remote="130389252600000000" />
<file name="num_holds.php" server="www.xgermz.com" local="130318009800000000" remote="130389252600000000" />
<file name="num_shields.php" server="www.xgermz.com" local="130318009800000000" remote="130389252600000000" />
<file name="num_torpedoes.php" server="www.xgermz.com" local="130318009800000000" remote="130389252600000000" />
<file name="number.php" server="www.xgermz.com" local="130318009800000000" remote="130389252600000000" />
<file name="player_insignia_name.php" server="www.xgermz.com" local="130404535586161465" remote="130404571200000000" />
<file name="playerlog.php" server="www.xgermz.com" local="130318009800000000" remote="130389252600000000" />
<file name="scan_error.php" server="www.xgermz.com" local="130318009800000000" remote="130389252600000000" />
<file name="scan_success.php" server="www.xgermz.com" local="130318009800000000" remote="130389252600000000" />
<file name="stripnum.php" server="www.xgermz.com" local="130318009800000000" remote="130389252600000000" />
<file name="t_port.php" server="www.xgermz.com" local="130318009800000000" remote="130389253200000000" />
<file name="tags_to_db.php" server="www.xgermz.com" local="130318009800000000" remote="130389252600000000" />
<file name="text_gotologin.php" server="www.xgermz.com" local="130318009800000000" remote="130389252600000000" />
<file name="text_gotomain.php" server="www.xgermz.com" local="130318009800000000" remote="130389252600000000" />
<file name="text_javascript_begin.php" server="www.xgermz.com" local="130318009800000000" remote="130389252600000000" />
<file name="text_javascript_end.php" server="www.xgermz.com" local="130318009800000000" remote="130389253200000000" />
<file name="timer.php" server="www.xgermz.com" local="130318009800000000" remote="130389253200000000" />
<file name="updatecookie.php" server="www.xgermz.com" local="130404571937910173" remote="130404607800000000" />
<file name="xenobe_hunter.php" server="www.xgermz.com" local="130318009800000000" remote="130389253200000000" />
<file name="xenobe_move.php" server="www.xgermz.com" local="130318009800000000" remote="130389253200000000" />
<file name="xenobe_regen.php" server="www.xgermz.com" local="130318009800000000" remote="130389253200000000" />
<file name="xenobe_to_planet.php" server="www.xgermz.com" local="130318009800000000" remote="130389253200000000" />
<file name="xenobe_to_sec_def.php" server="www.xgermz.com" local="130318009800000000" remote="130389253200000000" />
<file name="xenobe_to_ship.php" server="www.xgermz.com" local="130318009800000000" remote="130389253200000000" />
<file name="xenobe_trade.php" server="www.xgermz.com" local="130318009800000000" remote="130389253200000000" />
>>>>>>> 9f0706a6ffefc4ba39d52fdb9fe99df7cc8e373d
</dwsync>