<?xml version="1.0" encoding="utf-8" ?>
<dwsync>
<file name="adodb-compress-bzip2.php" server="www.xgermz.com" local="130408668000000000" remote="130798875600000000" />
<file name="adodb-compress-gzip.php" server="www.xgermz.com" local="130408668000000000" remote="130798875600000000" />
<file name="adodb-cryptsession.php" server="www.xgermz.com" local="130408668000000000" remote="130798875600000000" />
<file name="adodb-cryptsession2.php" server="www.xgermz.com" local="130408668000000000" remote="130798875600000000" />
<file name="adodb-encrypt-mcrypt.php" server="www.xgermz.com" local="130408668000000000" remote="130798875600000000" />
<file name="adodb-encrypt-md5.php" server="www.xgermz.com" local="130408668000000000" remote="130798875600000000" />
<file name="adodb-encrypt-secret.php" server="www.xgermz.com" local="130408668000000000" remote="130798875600000000" />
<file name="adodb-encrypt-sha1.php" server="www.xgermz.com" local="130408668000000000" remote="130798875600000000" />
<file name="adodb-sess.txt" server="www.xgermz.com" local="130408668000000000" remote="130798875600000000" />
<file name="adodb-session-clob.php" server="www.xgermz.com" local="130408668000000000" remote="130798875600000000" />
<file name="adodb-session-clob2.php" server="www.xgermz.com" local="130408668000000000" remote="130798875600000000" />
<file name="adodb-session.php" server="www.xgermz.com" local="130408668000000000" remote="130798875600000000" />
<file name="adodb-session2.php" server="www.xgermz.com" local="130408668000000000" remote="130798875600000000" />
<file name="adodb-sessions.mysql.sql" server="www.xgermz.com" local="130408668000000000" remote="130798875600000000" />
<file name="adodb-sessions.oracle.clob.sql" server="www.xgermz.com" local="130408668000000000" remote="130798875600000000" />
<file name="adodb-sessions.oracle.sql" server="www.xgermz.com" local="130408668000000000" remote="130798875600000000" />
<file name="crypt.inc.php" server="www.xgermz.com" local="130408668000000000" remote="130798875600000000" />
<file name="session_schema.xml" server="www.xgermz.com" local="130408668000000000" remote="130798875600000000" />
<file name="session_schema2.xml" server="www.xgermz.com" local="130408668000000000" remote="130798875600000000" />
</dwsync>