<?xml version="1.0" encoding="utf-8" ?>
<dwsync>
<<<<<<< HEAD
<file name="auto.php" server="www.xgermz.com" local="130408668000000000" remote="130408668000000000" />
<file name="base_facebook.php" server="www.xgermz.com" local="130408668000000000" remote="130408668000000000" />
<file name="bnt_translation.php" server="www.xgermz.com" local="130408668000000000" remote="130408668000000000" />
<file name="check.facebook.login.php" server="www.xgermz.com" local="130408668000000000" remote="130408668000000000" />
<file name="db.php" server="www.xgermz.com" local="130408668000000000" remote="130408668000000000" />
<file name="facebook.php" server="www.xgermz.com" local="130408668000000000" remote="130408668000000000" />
<file name="manage_log.php" server="www.xgermz.com" local="130787824404610915" remote="130787862600000000" />
<file name="manage_planet.php" server="www.xgermz.com" local="130408668000000000" remote="130408668000000000" />
<file name="manage_player.php" server="www.xgermz.com" local="130408668000000000" remote="130408668000000000" />
<file name="manage_sector.php" server="www.xgermz.com" local="130408668000000000" remote="130408668000000000" />
<file name="manage_ship.php" server="www.xgermz.com" local="130408668000000000" remote="130408668000000000" />
<file name="manage_table.php" server="www.xgermz.com" local="130787787076095846" remote="130787862600000000" />
<file name="manage_xenobe.php" server="www.xgermz.com" local="130408668000000000" remote="130408668000000000" />
<file name="shared.php" server="www.xgermz.com" local="130408668000000000" remote="130408668000000000" />
<file name="user.php" server="www.xgermz.com" local="130408668000000000" remote="130408668000000000" />
<file name="warp_edit.php" server="www.xgermz.com" local="130408668000000000" remote="130408668000000000" />
=======
<file name="auto.php" server="www.xgermz.com" local="130342055400000000" remote="130407327600000000" />
<file name="bnt_translation.php" server="www.xgermz.com" local="130342055400000000" remote="130407327600000000" />
<file name="db.php" server="www.xgermz.com" local="130342055400000000" remote="130407327600000000" />
<file name="manage_log.php" server="www.xgermz.com" local="130406228187621454" remote="130407327600000000" />
<file name="manage_planet.php" server="www.xgermz.com" local="130342055400000000" remote="130407327600000000" />
<file name="manage_player.php" server="www.xgermz.com" local="130404739916275713" remote="130407327600000000" />
<file name="manage_sector.php" server="www.xgermz.com" local="130342055400000000" remote="130407327600000000" />
<file name="manage_ship.php" server="www.xgermz.com" local="130404738880202519" remote="130407327600000000" />
<file name="manage_table.php" server="www.xgermz.com" local="130407296611340406" remote="130407332400000000" />
<file name="manage_xenobe.php" server="www.xgermz.com" local="130342055400000000" remote="130407327600000000" />
<file name="shared.php" server="www.xgermz.com" local="130342055400000000" remote="130407327600000000" />
<file name="warp_edit.php" server="www.xgermz.com" local="130342055400000000" remote="130407327600000000" />
<file name="base_facebook.php" server="www.xgermz.com" local="130359803059232358" remote="130407327600000000" />
<file name="check.facebook.login.php" server="www.xgermz.com" local="130359859927594128" remote="130407327600000000" />
<file name="facebook.php" server="www.xgermz.com" local="130359804478319932" remote="130407327600000000" />
<file name="user.php" server="www.xgermz.com" local="130359968042901312" remote="130407327600000000" />
>>>>>>> 9f0706a6ffefc4ba39d52fdb9fe99df7cc8e373d
</dwsync>