<?xml version="1.0" encoding="utf-8" ?>
<dwsync>
<<<<<<< HEAD
<file name="attribution" server="www.xgermz.com" local="130408668000000000" remote="130408668000000000" />
<file name="changes" server="www.xgermz.com" local="130408668000000000" remote="130408668000000000" />
<file name="devcredit" server="www.xgermz.com" local="130408668000000000" remote="130408668000000000" />
<file name="install" server="www.xgermz.com" local="130408668000000000" remote="130408668000000000" />
<file name="license" server="www.xgermz.com" local="130408668000000000" remote="130408668000000000" />
<file name="readme" server="www.xgermz.com" local="130408668000000000" remote="130408668000000000" />
=======
<file name="attribution" server="www.xgermz.com" local="130229281200000000" remote="130229281200000000" />
<file name="changes" server="www.xgermz.com" local="130229281200000000" remote="130229281200000000" />
<file name="devcredit" server="www.xgermz.com" local="130229281200000000" remote="130229281200000000" />
<file name="install" server="www.xgermz.com" local="130229281200000000" remote="130229281200000000" />
<file name="license" server="www.xgermz.com" local="130229281200000000" remote="130229281200000000" />
<file name="readme" server="www.xgermz.com" local="130229281200000000" remote="130229281200000000" />
>>>>>>> 9f0706a6ffefc4ba39d52fdb9fe99df7cc8e373d
</dwsync>