<?xml version="1.0" encoding="utf-8" ?>
<dwsync>
<<<<<<< HEAD
<file name="France.png" server="www.xgermz.com" local="130408668000000000" remote="130408668000000000" />
<file name="Germany.png" server="www.xgermz.com" local="130408668000000000" remote="130408668000000000" />
<file name="Mexico.png" server="www.xgermz.com" local="130408668000000000" remote="130408668000000000" />
<file name="United_Kingdom.png" server="www.xgermz.com" local="130408668000000000" remote="130408668000000000" />
<file name="United_States_of_America.png" server="www.xgermz.com" local="130408668000000000" remote="130408668000000000" />
=======
<file name="France.png" server="www.xgermz.com" local="130304527200000000" remote="130304527200000000" />
<file name="Germany.png" server="www.xgermz.com" local="130304527200000000" remote="130304527200000000" />
<file name="Mexico.png" server="www.xgermz.com" local="130304527200000000" remote="130304527200000000" />
<file name="United_Kingdom.png" server="www.xgermz.com" local="130304527200000000" remote="130304527200000000" />
<file name="United_States_of_America.png" server="www.xgermz.com" local="130304527200000000" remote="130304527200000000" />
>>>>>>> 9f0706a6ffefc4ba39d52fdb9fe99df7cc8e373d
</dwsync>