<?xml version="1.0" encoding="utf-8" ?>
<dwsync>
<file name="datadict-access.inc.php" server="www.xgermz.com" local="130408668000000000" remote="130798875000000000" />
<file name="datadict-db2.inc.php" server="www.xgermz.com" local="130408668000000000" remote="130798875000000000" />
<file name="datadict-firebird.inc.php" server="www.xgermz.com" local="130408668000000000" remote="130798875000000000" />
<file name="datadict-generic.inc.php" server="www.xgermz.com" local="130408668000000000" remote="130798875000000000" />
<file name="datadict-ibase.inc.php" server="www.xgermz.com" local="130408668000000000" remote="130798875000000000" />
<file name="datadict-informix.inc.php" server="www.xgermz.com" local="130408668000000000" remote="130798875000000000" />
<file name="datadict-mssql.inc.php" server="www.xgermz.com" local="130408668000000000" remote="130798875000000000" />
<file name="datadict-mssqlnative.inc.php" server="www.xgermz.com" local="130408668000000000" remote="130798875000000000" />
<file name="datadict-mysql.inc.php" server="www.xgermz.com" local="130408668000000000" remote="130798875000000000" />
<file name="datadict-oci8.inc.php" server="www.xgermz.com" local="130408668000000000" remote="130798875000000000" />
<file name="datadict-postgres.inc.php" server="www.xgermz.com" local="130408668000000000" remote="130798875000000000" />
<file name="datadict-sapdb.inc.php" server="www.xgermz.com" local="130408668000000000" remote="130798875000000000" />
<file name="datadict-sqlite.inc.php" server="www.xgermz.com" local="130408668000000000" remote="130798875000000000" />
<file name="datadict-sybase.inc.php" server="www.xgermz.com" local="130408668000000000" remote="130798875000000000" />
</dwsync>