<?xml version="1.0" encoding="utf-8" ?>
<dwsync>
<<<<<<< HEAD
<file name="bntfavicon.ico" server="www.xgermz.com" local="130408668000000000" remote="130408668000000000" />
<file name="space.png" server="www.xgermz.com" local="130408668000000000" remote="130408668000000000" />
<file name="uspace.png" server="www.xgermz.com" local="130408668000000000" remote="130408668000000000" />
<file name="bgoutspace1.png" server="www.xgermz.com" local="130408668000000000" remote="130408668000000000" />
<file name="div1.png" server="www.xgermz.com" local="130408668000000000" remote="130408668000000000" />
<file name="igbscreen.png" server="www.xgermz.com" local="130408668000000000" remote="130408668000000000" />
<file name="div2.png" server="www.xgermz.com" local="130408668000000000" remote="130408668000000000" />
<file name="armor-small.png" server="www.xgermz.com" local="130408668000000000" remote="130408668000000000" />
<file name="bg_alpha.png" server="www.xgermz.com" local="130408668000000000" remote="130408668000000000" />
<file name="bnnhead.png" server="www.xgermz.com" local="130408668000000000" remote="130408668000000000" />
<file name="bnt-header.jpg" server="www.xgermz.com" local="130408668000000000" remote="130408668000000000" />
<file name="bnthed.png" server="www.xgermz.com" local="130408668000000000" remote="130408668000000000" />
<file name="bottom_panel.png" server="www.xgermz.com" local="130408668000000000" remote="130408668000000000" />
<file name="close.png" server="www.xgermz.com" local="130408668000000000" remote="130408668000000000" />
<file name="colonists.png" server="www.xgermz.com" local="130408668000000000" remote="130408668000000000" />
<file name="credits.png" server="www.xgermz.com" local="130408668000000000" remote="130408668000000000" />
<file name="cross.png" server="www.xgermz.com" local="130408668000000000" remote="130408668000000000" />
<file name="energy-small.png" server="www.xgermz.com" local="130408668000000000" remote="130408668000000000" />
<file name="energy.png" server="www.xgermz.com" local="130408668000000000" remote="130408668000000000" />
<file name="fig-small.png" server="www.xgermz.com" local="130408668000000000" remote="130408668000000000" />
<file name="fighters.png" server="www.xgermz.com" local="130408668000000000" remote="130408668000000000" />
<file name="goods.png" server="www.xgermz.com" local="130408668000000000" remote="130408668000000000" />
<file name="header1.png" server="www.xgermz.com" local="130408668000000000" remote="130408668000000000" />
<file name="header2.png" server="www.xgermz.com" local="130408668000000000" remote="130408668000000000" />
<file name="hugeplanet.png" server="www.xgermz.com" local="130408668000000000" remote="130408668000000000" />
<file name="hugeship.png" server="www.xgermz.com" local="130408668000000000" remote="130408668000000000" />
<file name="largeplanet.png" server="www.xgermz.com" local="130408668000000000" remote="130408668000000000" />
<file name="largeship.png" server="www.xgermz.com" local="130408668000000000" remote="130408668000000000" />
<file name="lcorner.png" server="www.xgermz.com" local="130408668000000000" remote="130408668000000000" />
<file name="login.png" server="www.xgermz.com" local="130408668000000000" remote="130408668000000000" />
<file name="login_.png" server="www.xgermz.com" local="130408668000000000" remote="130408668000000000" />
<file name="mail.png" server="www.xgermz.com" local="130408668000000000" remote="130408668000000000" />
<file name="mail_.png" server="www.xgermz.com" local="130408668000000000" remote="130408668000000000" />
<file name="mediumplanet.png" server="www.xgermz.com" local="130408668000000000" remote="130408668000000000" />
<file name="mediumship.png" server="www.xgermz.com" local="130408668000000000" remote="130408668000000000" />
<file name="mines.png" server="www.xgermz.com" local="130408668000000000" remote="130408668000000000" />
<file name="ore.png" server="www.xgermz.com" local="130408668000000000" remote="130408668000000000" />
<file name="organics.png" server="www.xgermz.com" local="130408668000000000" remote="130408668000000000" />
<file name="port-energy.png" server="www.xgermz.com" local="130408668000000000" remote="130408668000000000" />
<file name="port-goods.png" server="www.xgermz.com" local="130408668000000000" remote="130408668000000000" />
<file name="port-ore.png" server="www.xgermz.com" local="130408668000000000" remote="130408668000000000" />
<file name="port-organics.png" server="www.xgermz.com" local="130408668000000000" remote="130408668000000000" />
<file name="port-special.png" server="www.xgermz.com" local="130408668000000000" remote="130408668000000000" />
<file name="rcorner.png" server="www.xgermz.com" local="130408668000000000" remote="130408668000000000" />
<file name="smallplanet.png" server="www.xgermz.com" local="130408668000000000" remote="130408668000000000" />
<file name="smallship.png" server="www.xgermz.com" local="130408668000000000" remote="130408668000000000" />
<file name="space_station.png" server="www.xgermz.com" local="130408668000000000" remote="130408668000000000" />
<file name="space_station_port.png" server="www.xgermz.com" local="130408668000000000" remote="130408668000000000" />
<file name="spacer.png" server="www.xgermz.com" local="130408668000000000" remote="130408668000000000" />
<file name="special.png" server="www.xgermz.com" local="130408668000000000" remote="130408668000000000" />
<file name="tick.png" server="www.xgermz.com" local="130408668000000000" remote="130408668000000000" />
<file name="tinyplanet.png" server="www.xgermz.com" local="130408668000000000" remote="130408668000000000" />
<file name="tinyship.png" server="www.xgermz.com" local="130408668000000000" remote="130408668000000000" />
<file name="top_panel.png" server="www.xgermz.com" local="130408668000000000" remote="130408668000000000" />
<file name="torp-small.png" server="www.xgermz.com" local="130408668000000000" remote="130408668000000000" />
<file name="unknown.png" server="www.xgermz.com" local="130408668000000000" remote="130408668000000000" />
=======
<file name="bntfavicon.ico" server="www.xgermz.com" local="130304527200000000" remote="130304527200000000" />
<file name="space.png" server="www.xgermz.com" local="130304527800000000" remote="130304527800000000" />
<file name="uspace.png" server="www.xgermz.com" local="130304527800000000" remote="130304527800000000" />
<file name="bgoutspace1.png" server="www.xgermz.com" local="130304527200000000" remote="130304527200000000" />
<file name="div1.png" server="www.xgermz.com" local="130304527200000000" remote="130304527200000000" />
<file name="igbscreen.png" server="www.xgermz.com" local="130304527800000000" remote="130304527800000000" />
<file name="div2.png" server="www.xgermz.com" local="130304527200000000" remote="130304527200000000" />
<file name="armor-small.png" server="www.xgermz.com" local="130304527200000000" remote="130304527200000000" />
<file name="bg_alpha.png" server="www.xgermz.com" local="130304527200000000" remote="130304527200000000" />
<file name="bnnhead.png" server="www.xgermz.com" local="130304527200000000" remote="130304527200000000" />
<file name="bnt-header.jpg" server="www.xgermz.com" local="130304527200000000" remote="130304527200000000" />
<file name="bnthed.png" server="www.xgermz.com" local="130304527200000000" remote="130304527200000000" />
<file name="bottom_panel.png" server="www.xgermz.com" local="130304527200000000" remote="130304527200000000" />
<file name="close.png" server="www.xgermz.com" local="130304527200000000" remote="130304527200000000" />
<file name="colonists.png" server="www.xgermz.com" local="130304527200000000" remote="130304527200000000" />
<file name="credits.png" server="www.xgermz.com" local="130304527200000000" remote="130304527200000000" />
<file name="cross.png" server="www.xgermz.com" local="130304527200000000" remote="130304527200000000" />
<file name="energy-small.png" server="www.xgermz.com" local="130304527200000000" remote="130304527200000000" />
<file name="energy.png" server="www.xgermz.com" local="130304527200000000" remote="130304527200000000" />
<file name="fig-small.png" server="www.xgermz.com" local="130304527200000000" remote="130304527200000000" />
<file name="fighters.png" server="www.xgermz.com" local="130304527200000000" remote="130304527200000000" />
<file name="goods.png" server="www.xgermz.com" local="130304527200000000" remote="130304527200000000" />
<file name="header1.png" server="www.xgermz.com" local="130304527200000000" remote="130304527200000000" />
<file name="header2.png" server="www.xgermz.com" local="130304527800000000" remote="130304527800000000" />
<file name="hugeplanet.png" server="www.xgermz.com" local="130304527800000000" remote="130304527800000000" />
<file name="hugeship.png" server="www.xgermz.com" local="130304527800000000" remote="130304527800000000" />
<file name="largeplanet.png" server="www.xgermz.com" local="130304527800000000" remote="130304527800000000" />
<file name="largeship.png" server="www.xgermz.com" local="130304527800000000" remote="130304527800000000" />
<file name="lcorner.png" server="www.xgermz.com" local="130304527800000000" remote="130304527800000000" />
<file name="login.png" server="www.xgermz.com" local="130304527800000000" remote="130304527800000000" />
<file name="login_.png" server="www.xgermz.com" local="130304527800000000" remote="130304527800000000" />
<file name="mail.png" server="www.xgermz.com" local="130304527800000000" remote="130304527800000000" />
<file name="mail_.png" server="www.xgermz.com" local="130304527800000000" remote="130304527800000000" />
<file name="mediumplanet.png" server="www.xgermz.com" local="130304527800000000" remote="130304527800000000" />
<file name="mediumship.png" server="www.xgermz.com" local="130304527800000000" remote="130304527800000000" />
<file name="mines.png" server="www.xgermz.com" local="130304527800000000" remote="130304527800000000" />
<file name="ore.png" server="www.xgermz.com" local="130304527800000000" remote="130304527800000000" />
<file name="organics.png" server="www.xgermz.com" local="130304527800000000" remote="130304527800000000" />
<file name="port-energy.png" server="www.xgermz.com" local="130304527800000000" remote="130304527800000000" />
<file name="port-goods.png" server="www.xgermz.com" local="130304527800000000" remote="130304527800000000" />
<file name="port-ore.png" server="www.xgermz.com" local="130304527800000000" remote="130304527800000000" />
<file name="port-organics.png" server="www.xgermz.com" local="130304527800000000" remote="130304527800000000" />
<file name="port-special.png" server="www.xgermz.com" local="130304527800000000" remote="130304527800000000" />
<file name="rcorner.png" server="www.xgermz.com" local="130304527800000000" remote="130304527800000000" />
<file name="smallplanet.png" server="www.xgermz.com" local="130304527800000000" remote="130304527800000000" />
<file name="smallship.png" server="www.xgermz.com" local="130304527800000000" remote="130304527800000000" />
<file name="space_station.png" server="www.xgermz.com" local="130304527800000000" remote="130304527800000000" />
<file name="space_station_port.png" server="www.xgermz.com" local="130304527800000000" remote="130304527800000000" />
<file name="spacer.png" server="www.xgermz.com" local="130304527800000000" remote="130304527800000000" />
<file name="special.png" server="www.xgermz.com" local="130304527800000000" remote="130304527800000000" />
<file name="tick.png" server="www.xgermz.com" local="130304527800000000" remote="130304527800000000" />
<file name="tinyplanet.png" server="www.xgermz.com" local="130304527800000000" remote="130304527800000000" />
<file name="tinyship.png" server="www.xgermz.com" local="130304527800000000" remote="130304527800000000" />
<file name="top_panel.png" server="www.xgermz.com" local="130304527800000000" remote="130304527800000000" />
<file name="torp-small.png" server="www.xgermz.com" local="130304527800000000" remote="130304527800000000" />
<file name="unknown.png" server="www.xgermz.com" local="130304527800000000" remote="130304527800000000" />
>>>>>>> 9f0706a6ffefc4ba39d52fdb9fe99df7cc8e373d
</dwsync>