<?xml version="1.0" encoding="utf-8" ?>
<dwsync>
<file name="docs-active-record.htm" server="www.xgermz.com" local="130408668000000000" remote="130798875000000000" />
<file name="docs-adodb.htm" server="www.xgermz.com" local="130408668000000000" remote="130798875000000000" />
<file name="docs-datadict.htm" server="www.xgermz.com" local="130408668000000000" remote="130798875000000000" />
<file name="docs-oracle.htm" server="www.xgermz.com" local="130408668000000000" remote="130798875000000000" />
<file name="docs-perf.htm" server="www.xgermz.com" local="130408668000000000" remote="130798875000000000" />
<file name="docs-session.htm" server="www.xgermz.com" local="130408668000000000" remote="130798875000000000" />
<file name="docs-session.old.htm" server="www.xgermz.com" local="130408668000000000" remote="130798875000000000" />
<file name="old-changelog.htm" server="www.xgermz.com" local="130408668000000000" remote="130798875000000000" />
<file name="readme.htm" server="www.xgermz.com" local="130408668000000000" remote="130798875000000000" />
<file name="tips_portable_sql.htm" server="www.xgermz.com" local="130408668000000000" remote="130798875000000000" />
<file name="tute.htm" server="www.xgermz.com" local="130408668000000000" remote="130798875000000000" />
</dwsync>