<?xml version="1.0" encoding="utf-8" ?>
<dwsync>
<file name="adodb-active-record.inc.php" server="www.xgermz.com" local="130408668000000000" remote="130408668000000000" />
<file name="adodb-active-recordx.inc.php" server="www.xgermz.com" local="130408668000000000" remote="130408668000000000" />
<file name="adodb-csvlib.inc.php" server="www.xgermz.com" local="130408668000000000" remote="130408668000000000" />
<file name="adodb-datadict.inc.php" server="www.xgermz.com" local="130408668000000000" remote="130408668000000000" />
<file name="adodb-error.inc.php" server="www.xgermz.com" local="130408668000000000" remote="130408668000000000" />
<file name="adodb-errorhandler.inc.php" server="www.xgermz.com" local="130408668000000000" remote="130408668000000000" />
<file name="adodb-errorpear.inc.php" server="www.xgermz.com" local="130408668000000000" remote="130408668000000000" />
<file name="adodb-exceptions.inc.php" server="www.xgermz.com" local="130408668000000000" remote="130408668000000000" />
<file name="adodb-iterator.inc.php" server="www.xgermz.com" local="130408668000000000" remote="130408668000000000" />
<file name="adodb-lib.inc.php" server="www.xgermz.com" local="130408668000000000" remote="130408668000000000" />
<file name="adodb-memcache.lib.inc.php" server="www.xgermz.com" local="130408668000000000" remote="130408668000000000" />
<file name="adodb-pager.inc.php" server="www.xgermz.com" local="130408668000000000" remote="130408668000000000" />
<file name="adodb-pear.inc.php" server="www.xgermz.com" local="130408668000000000" remote="130408668000000000" />
<file name="adodb-perf.inc.php" server="www.xgermz.com" local="130408668000000000" remote="130408668000000000" />
<file name="adodb-php4.inc.php" server="www.xgermz.com" local="130408668000000000" remote="130408668000000000" />
<file name="adodb-time.inc.php" server="www.xgermz.com" local="130408668000000000" remote="130408668000000000" />
<file name="adodb-xmlschema.inc.php" server="www.xgermz.com" local="130408668000000000" remote="130408668000000000" />
<file name="adodb.inc.php" server="www.xgermz.com" local="130408668000000000" remote="130408668000000000" />
<file name="adodb-xmlschema03.inc.php" server="www.xgermz.com" local="130408668000000000" remote="130408668000000000" />
<file name="license.txt" server="www.xgermz.com" local="130408668000000000" remote="130408668000000000" />
<file name="pivottable.inc.php" server="www.xgermz.com" local="130408668000000000" remote="130408668000000000" />
<file name="readme.txt" server="www.xgermz.com" local="130408668000000000" remote="130408668000000000" />
<file name="rsfilter.inc.php" server="www.xgermz.com" local="130408668000000000" remote="130408668000000000" />
<file name="server.php" server="www.xgermz.com" local="130408668000000000" remote="130408668000000000" />
<file name="tohtml.inc.php" server="www.xgermz.com" local="130408668000000000" remote="130408668000000000" />
<file name="toexport.inc.php" server="www.xgermz.com" local="130408668000000000" remote="130408668000000000" />
<file name="xmlschema.dtd" server="www.xgermz.com" local="130408668000000000" remote="130408668000000000" />
<file name="xmlschema03.dtd" server="www.xgermz.com" local="130408668000000000" remote="130408668000000000" />
</dwsync>